card_id,user_id,card_number_masked,card_type,status,spending_limit,currency,issued_date,expiry_date,created_at
9907ccce-3263-4a9c-8ac3-a210867487af,bc9ff47e-8952-45ce-aaf3-6060145b6192,page,physical,active,6574.55,GBP,2020-02-01,2023-05-08,2025-03-24 03:43:47.935518
bf99dd0c-6219-457b-919c-eaf71af80ebf,1fc835e5-6d4c-4bc0-963c-0fce1784780d,aim,physical,inactive,737.6,EUR,2017-02-19,2013-01-01,2025-04-08 16:38:01.588508
22e00605-3082-4518-877c-f51571130389,25dfd9d9-e98e-4f2c-a131-2dfbe05b7f07,down,physical,active,3112.78,CAD,2006-12-21,2022-09-14,2025-08-19 08:51:55.006814
f9ca6d23-bc54-4c95-afa5-592610a446d4,32d29c77-58dc-44c1-a269-87e3e9d59c8b,curv,physical,active,2620.5,USD,2024-03-23,2013-06-09,2025-04-25 10:06:05.398382
aeccb7fe-44b5-48a9-a19f-f4f8c8f429cb,2ae8695e-9d59-4be9-a1cd-fd6fba3745fa,reci,physical,inactive,7496.48,USD,2003-06-28,2011-10-09,2025-12-15 17:07:59.396922
7a063d6b-4430-488f-a64d-860ddf44c589,f2491147-868b-4564-809e-1264c29ff99f,plea,physical,expired,6928.65,EUR,2002-09-10,2020-10-29,2025-10-07 22:04:02.693384
a7fc11aa-3099-463a-b527-59a3a5fef706,ffab4aa8-8170-493e-810c-208a394a90ca,temp,virtual,blocked,8975.71,USD,2007-05-03,2007-02-13,2025-08-21 11:10:23.372528
fcd122c1-b2ec-4597-9696-583d1401bc98,13a506a3-b1d0-4251-a00d-1b41a7372334,beca,physical,expired,1325.92,GBP,2006-11-09,2022-11-21,2025-10-21 05:34:46.256702
d1de2449-9338-4a11-b1f7-3c44ea9adbc8,f8b10714-19c3-4828-b74b-47f57a92f797,hits,virtual,inactive,4508.26,EUR,2005-08-13,2008-11-23,2025-11-11 01:14:52.033659
2dd9765b-1aa7-44ce-ac58-0787bd616cf8,ad58c6f0-6602-411d-b224-9b3e359eb99f,all,virtual,active,783.07,USD,2025-06-13,2008-02-07,2025-04-21 15:25:56.958972
d8436d5b-4679-4672-be87-d8446ccd9eb2,4bccf0bd-4b67-4648-9374-2555bdfa0c74,crit,virtual,active,2577.06,GBP,2020-08-05,2008-03-08,2025-12-19 13:57:37.418801
0354846f-89e5-4e5a-a040-839570c4682b,a6cc7ea1-8878-4278-9007-dcbb82be026b,lead,virtual,blocked,5300.88,USD,2011-04-05,2016-08-03,2025-02-05 20:10:50.713536
2ff5a9e6-d4dd-4ab0-8eeb-47c22226301c,918f0328-9188-430e-ab8a-a3fb2569b856,al,virtual,active,752.09,CAD,2013-10-03,2012-07-20,2025-09-09 17:55:00.713328
34d68e4e-2252-450f-890d-78f643411d26,19be4c2a-d291-4618-9e05-5c9055785ee6,cont,physical,blocked,2388.96,GBP,2023-02-22,2017-05-25,2025-02-10 13:10:29.003402
7e1218b1-603a-4030-ae29-827602e13608,c070f171-22da-49b3-82ec-f4783c0fa7ea,past,physical,active,6673.9,USD,2023-12-09,2016-03-17,2025-11-10 20:32:38.208573
3101c6ea-668e-4060-b060-497921afaf55,67aa114f-fc16-4917-8411-5b47365b9aea,marr,physical,blocked,5676.94,USD,2004-06-25,2005-09-25,2025-10-11 15:01:07.974230
cfadb5c6-dd4d-4450-b870-6a47b79ef92e,b3942efa-450b-453f-9446-40ca4f7ca142,crui,physical,active,2594.19,CAD,2011-05-08,2001-04-29,2025-02-24 15:52:04.797549
32637169-0574-4590-9bc2-a2238c09beaf,2d5cecfe-f6de-45f4-a087-85242adeb590,myse,virtual,expired,6098.02,GBP,2017-03-05,2021-08-31,2025-05-17 19:27:13.974036
4f00b691-8491-4858-af92-2d473f2ef69a,ffe19bce-8ecd-4c25-932a-920011741a70,seve,physical,blocked,8189.59,GBP,2017-12-23,2006-12-10,2025-11-21 11:28:57.542717
703ecebf-4f6d-4318-92e9-ea9d181189b9,4895f080-e279-46b1-8bf1-76ec1b3ace3f,achi,physical,blocked,561.74,USD,2014-02-08,2007-02-11,2025-10-18 07:37:14.007540
2247cab8-2766-4a84-953c-d66e2da8d0db,5fd651c3-6c66-4abf-8eb3-90c58e450152,seri,physical,inactive,8155.28,EUR,2002-12-21,2001-04-03,2025-06-03 16:15:17.701474
b490a5ac-72ae-46b1-bf09-b9435ce4af12,0c460862-f577-4aea-86a2-cfc731eb6043,prin,virtual,expired,7132.32,GBP,2015-04-18,2004-12-30,2025-04-26 15:51:26.199659
4d3dd87f-9bb8-420a-a23c-83027e17f42a,966b0508-e61d-4d13-8924-32a99ce19f53,fax,physical,blocked,3732.38,USD,2003-02-22,2013-06-14,2025-08-28 23:03:43.685197
7c185227-c10c-4f7a-a6ac-2cf65cab3b8e,f7dc62e5-79d4-41d4-b107-9c12d388e9de,choc,physical,active,1977.06,GBP,2020-02-02,2012-12-11,2025-04-07 06:34:28.146991
56a39a1e-7f37-4108-9044-52f92259f512,6ca4193f-49a5-4839-879a-f1283a820d71,vinc,virtual,blocked,9593.52,USD,2013-03-09,2014-04-28,2025-08-26 17:06:03.683823
9e2099da-17e9-4745-adb7-5573f90e1f94,bf51909c-f5b4-4fd7-aba4-b0ed011a4c2d,fami,physical,blocked,3697.65,EUR,2017-01-03,2024-04-06,2025-08-16 06:55:25.946279
302ede84-7873-4932-be12-744a9bf70c54,b2c1ed7f-dfe1-4ffa-8c58-461684b4f942,best,virtual,expired,1381.09,CAD,2001-03-13,2000-07-09,2025-05-14 22:46:50.582765
4dc09174-0c80-4fea-b776-0a04a7786547,e610b23d-3be9-4531-bbad-ff69cd4a482f,bill,physical,blocked,1418.81,EUR,2021-12-16,2004-04-10,2025-01-19 23:34:03.784309
1e2e0c11-1f03-4782-88a3-4146d01680d2,a49456ce-a3f4-4c66-acca-175baaa09c10,spyw,physical,blocked,8551.2,CAD,2010-01-02,2018-08-17,2025-01-31 16:05:54.194851
6b8f12a8-c18f-4238-ac8a-52d70e7f2cd1,ec23adba-6cc8-4922-b8bd-3f5d361406f4,nois,virtual,blocked,6235.4,EUR,2002-10-03,2021-04-13,2025-10-08 18:38:02.649468
124d4a7b-958b-4032-a196-4827514abed9,5f497bc6-aca7-4d16-a377-99accc921676,serv,physical,expired,8167.72,USD,2002-07-22,2018-10-17,2025-05-07 21:45:20.250280
a36c2a3a-8e31-40a0-ad1f-1d3ca3ab1e4b,3248a305-7adf-401b-87d3-5238381785fd,rate,physical,active,7432.45,EUR,2008-07-05,2021-11-10,2025-06-30 02:00:29.651332
ac14d895-51b1-4999-bf7a-2c448b9f062b,ad435e22-ac97-4632-b420-dfc8e3c33ce2,mail,physical,expired,5594.17,USD,2018-02-03,2017-04-17,2025-03-30 11:56:04.921981
df0e1d27-587d-494b-948e-2c885f9feb3f,abc0511e-e6f6-4d93-b402-c9ddf299bd53,wed,virtual,expired,9744.6,CAD,2007-06-10,2005-08-27,2025-10-26 20:33:00.700305
e0733fa0-942d-4915-8771-f936f073773c,28f4c69d-acc3-40f0-92f7-dd9d3da10b86,gap,virtual,active,4096.08,USD,2017-05-30,2021-02-05,2025-02-04 23:35:09.285577
55992b6c-f329-486f-8811-cdb22d8c357f,b0a565b2-7ce0-4043-9ff2-bb3d57343143,mean,virtual,blocked,5744.39,USD,2009-10-07,2022-06-07,2025-09-16 08:57:58.887204
dbbeb67c-af39-4477-b9b8-e9184154d641,b5002e46-4a10-46db-b03b-603a7b8a6ea2,sm,virtual,expired,8379.34,EUR,2001-02-21,2013-05-02,2025-06-25 04:40:16.169430
9ed921db-c5f4-421f-8272-5816added1dd,95b615a3-40ca-438e-8f80-50dce1d90613,offi,virtual,active,6375.94,GBP,2023-08-18,2022-07-18,2025-02-03 22:57:09.572092
c87397ec-cab3-4ff6-9840-a1098e217df9,2b418eec-0978-43aa-91b3-499d982f1aad,stri,physical,active,8686.22,GBP,2001-06-19,2017-03-14,2025-01-10 11:57:59.834794
0da4f565-576a-4f1b-865e-37ba143734a9,5a4c1b79-8743-486d-ad2d-a8ce0f09df6f,mond,physical,inactive,5984.85,GBP,2001-06-07,2021-04-22,2025-06-25 17:56:55.426117
2e46ab2d-2ebe-44af-820a-90cbeb2cff92,f5440783-0dc5-4068-b8fd-3fd2bd997551,prod,physical,active,7193.43,GBP,2019-12-05,2007-03-26,2025-07-01 05:47:59.348321
70ab59dc-15bb-45cb-b55d-e8ffb72f93e2,31ca1e7c-83aa-41ab-88cc-47557ddec7c3,apar,virtual,active,935.33,USD,2025-07-26,2021-12-26,2025-05-06 22:06:24.914533
8827c7b5-cc43-4a43-8242-006793e71c45,def62c86-bc81-4f3a-89a3-4c74072def67,dang,virtual,blocked,2665.03,EUR,2001-08-08,2006-08-12,2025-04-08 00:42:12.417821
b93e5ffb-394a-4550-8f7f-d327b35d9f31,99f8286e-2cd9-42a0-aae8-eee1ae3f449c,edt,physical,inactive,3249.19,USD,2010-05-28,2002-05-12,2025-11-27 17:21:01.120944
9fd29e67-1b40-45c0-965e-b7a4a6fb2831,5b5c0d58-7f17-4d73-ab83-fa33fdb62448,bank,physical,expired,1258.02,USD,2008-03-19,2008-01-04,2025-06-24 10:27:38.536265
5da509fc-3cee-4ebb-ba66-ac6c39e5d9d2,5bf49226-9150-46c4-be35-c6a88481e7f7,deal,physical,inactive,2711.51,CAD,2003-07-29,2018-04-09,2025-12-14 00:33:59.845687
02aa0213-6116-49e9-9de2-1b891a99143e,17b9d78e-e173-4972-b546-10360a333020,blog,physical,blocked,1459.51,CAD,2017-11-24,2023-12-22,2025-06-14 02:42:58.346239
1c6f42e4-2159-4b37-9ad6-29e468c32331,72cf32b0-5308-406b-9a0e-2f3c7d801b50,driv,physical,inactive,3140.75,GBP,2019-06-22,2003-12-29,2025-09-10 21:26:20.421947
32f333fd-0292-4b9a-a8ff-57d1f7ca046c,3d9f5116-f584-4301-b003-bc11debe23b7,over,virtual,blocked,6539.0,CAD,2022-05-18,2004-04-14,2025-11-24 05:39:36.315568
f9a4041f-39dc-4afc-9007-a8969dd029d5,4eb8aba8-81db-4c1b-bbba-8477b8eb2f2b,form,virtual,active,3965.91,EUR,2012-09-27,2000-05-10,2025-07-26 18:38:41.337902
1307b7e9-c386-4adb-8ddf-1e4f15e366a7,99205f74-4fe8-41c2-8744-d89d14cc50af,free,physical,active,4016.72,GBP,2014-08-15,2021-04-17,2025-12-06 21:05:18.540490
2a9bc786-2611-42eb-b5c1-3c58b1695abf,6efb76e9-bd16-410b-8417-95035765598d,cott,physical,inactive,2490.32,EUR,2021-11-20,2010-02-27,2025-11-10 07:51:12.154511
ca0115e1-5f0f-47e0-8275-e535044c00a3,3ba77657-825c-4c19-99d1-8add7ff3bdda,dist,physical,active,3036.29,USD,2000-01-08,2015-10-28,2025-08-14 20:36:12.753240
6f6c0999-90b3-481e-a408-b93ecf356b6b,33d1f50e-95e1-449c-9d41-727b76f90f37,unde,physical,active,9398.22,USD,2022-07-16,2012-04-05,2025-02-25 13:14:11.843170
ad484a73-4c9b-4330-a4d5-be6c2c7da59a,38e1c474-97e1-4cf5-95fb-014e71802800,part,virtual,active,6656.34,EUR,2022-09-15,2001-09-08,2025-08-05 14:42:33.586075
66f002a3-b2d6-4488-bb42-d1a7ca05d744,fa503d5f-1158-44b6-85d0-ade4ed302c85,nr,virtual,expired,6286.74,EUR,2019-06-25,2014-10-27,2025-09-15 05:47:55.497732
9ef28497-8962-4745-b0cf-963b1adade0f,8c14284e-0366-4727-b2f7-634dd58ba13c,coll,physical,expired,2125.82,EUR,2014-05-25,2007-11-09,2025-11-08 08:28:04.748206
e9e79649-8c5e-42d5-9458-a281a28afc23,4e7a7237-30c1-4d4f-bf53-ad625f8653f8,rare,virtual,expired,7426.7,EUR,2009-04-09,2010-06-29,2025-03-05 07:24:44.160227
7de917db-7aaa-41e4-80e5-1f8e9999e6ac,2feb6237-4e5f-4348-9c5e-850c44799211,clea,physical,active,2052.32,CAD,2022-04-03,2013-07-11,2025-07-02 06:53:26.408396
3fac5a2c-2075-4722-85fd-9beb4c7d646a,d29666c1-3d35-4ffb-a269-d03accca66db,gas,virtual,expired,4104.83,CAD,2024-10-31,2022-01-28,2025-08-01 11:19:48.408930
abd074f6-5ca4-4d2f-8925-14b2a27e3a68,eafd1f78-9fea-4431-8324-5ace2247f63d,work,virtual,active,9900.47,USD,2013-09-24,2023-09-26,2025-08-08 08:27:31.030434
2f46cf87-2c13-4e21-9b4b-e71e51561ca5,28bca766-48df-4c94-aeef-9ea9b51d14af,pain,physical,expired,6580.0,GBP,2012-06-22,2021-07-24,2025-08-30 04:39:34.028276
0da3dc16-21ad-49b2-a2ae-bfcdd5235941,c8433ab8-b0f9-4bc1-9d66-09ae2e4dbcc1,memo,physical,inactive,5791.02,EUR,2012-10-19,2021-01-03,2025-03-28 14:11:03.272793
2e9b1983-89a8-46a2-b551-33dffb185360,77f4e97e-ed00-4d40-8f11-add6455c56d8,port,physical,expired,7003.84,EUR,2012-06-07,2014-06-11,2025-05-25 13:16:53.085884
538dd43a-200f-4907-a96c-548f28a2cc76,7901f23b-fbd6-4fe7-8763-98ab56a40cb1,spec,virtual,inactive,8507.09,GBP,2015-01-24,2017-01-31,2025-04-21 02:49:41.042213
427b87cd-72a5-4aa9-b91d-44871affc5c4,49f79c9a-33b8-480c-a2ef-0137fc1883fb,root,virtual,inactive,7872.0,USD,2024-01-31,2007-04-27,2025-10-05 07:08:30.701978
788b3128-a03e-4cc7-ad76-b22f341fd83c,6a590393-85af-41d2-865f-821f7d357b0b,date,virtual,active,2675.96,USD,2003-10-31,2006-08-23,2025-06-06 19:38:47.753252
43dc6192-33fb-4711-87cc-aa4e5b056552,b9c5be9d-ec9e-423e-b745-52eb08d2474f,alre,physical,active,804.95,EUR,2003-03-31,2009-02-19,2025-05-19 21:58:24.415922
837948b8-c574-4704-bb27-d2a0d152944a,1f32de06-e993-45df-a3b2-de2fb546133e,euro,physical,expired,3496.8,CAD,2022-04-03,2018-12-27,2025-02-23 09:54:43.629577
c39bc4bb-1be3-4013-9ac4-89723dda4ad1,781123d4-f7dc-4866-9e77-af8d0d4d48bb,divi,virtual,inactive,3043.54,CAD,2025-02-26,2018-01-12,2025-11-12 02:32:41.357806
6b995ee6-3fab-4847-b53b-60e0e330feff,f90fd8d5-d561-4be5-8cd4-66fc5021abc2,coun,physical,inactive,2504.34,CAD,2000-07-27,2015-02-14,2025-11-29 14:45:09.456641
6163eb66-0131-4c02-a7f0-e23a2de03065,80fab79e-33d2-46cd-8e27-5f6063d7caad,urba,physical,expired,9457.64,GBP,2005-12-17,2020-05-20,2025-08-14 23:37:17.337960
ef6ae171-82da-44ff-9b73-ea5350db6303,97c1c593-efc9-4702-bed1-9c3a73890667,surf,virtual,blocked,8825.49,CAD,2007-02-09,2014-04-25,2025-10-20 21:24:21.030094
001e011e-55b8-4529-ba21-dad6ca900d1b,48178151-9a2f-48ce-8cf2-976a1387ee72,ethn,virtual,inactive,3489.44,EUR,2015-06-06,2015-04-12,2025-06-09 19:44:56.289688
b08d0390-0a82-4374-9948-255eab872db1,4ec1bbc8-4e34-47de-a028-e8ac7faaecc0,pena,virtual,inactive,6726.67,USD,2017-01-17,2006-02-08,2025-08-18 07:44:30.677278
0ee92b58-a5d8-4dc7-bdef-c89751ecff85,ba09292a-b610-4a0a-a545-c5f7de0b2c0d,grap,physical,blocked,4258.5,USD,2022-08-15,2025-01-03,2025-04-13 22:15:19.696212
8fd1af4b-0b96-41c9-a108-c87252ac3d8d,660865f4-3dc5-4b51-8353-d77c7226c151,topi,physical,expired,9188.2,EUR,2018-06-16,2017-09-12,2025-12-18 10:22:44.475786
64d3eaa7-8ccc-4363-846a-6334909c4ea5,330aa303-7a18-4f30-ba30-d4d3fd1d76d2,insu,physical,active,4859.09,EUR,2008-05-09,2007-02-24,2025-06-04 23:34:48.723688
08dc8c4b-1702-44c5-b1d4-14111f1aff97,b7c6d1c1-df99-4b69-b38e-2cf4864096a7,disp,physical,active,3016.36,EUR,2005-04-07,2023-08-09,2025-02-27 06:18:14.378411
ff833c61-90ec-470e-bf40-84d531ce3ebc,071a3742-16dd-42c4-b73d-08a9a2323fb4,desi,virtual,active,2842.96,EUR,2005-05-01,2022-09-05,2025-01-02 17:18:44.989949
d4ce4af1-c9d1-4b4e-b959-ec1a61522286,e821807c-277d-4a2c-9779-69b7b232dfba,mete,physical,active,5833.0,CAD,2004-11-28,2024-08-04,2025-10-10 15:30:28.357256
d00748d3-1924-4ea7-bdf4-2a262a07606d,c371d9e7-c6c9-4672-b17a-1c762c43984e,disc,virtual,blocked,2996.05,EUR,2005-01-09,2015-02-27,2025-07-16 02:36:40.719796
01486a91-61bf-49fe-a5b3-8e70f682e4e9,3519fa1b-0aab-4b70-877f-de4b819a1212,movi,virtual,inactive,6053.57,GBP,2001-03-05,2025-10-31,2025-02-08 03:35:48.436390
0a99583f-82c9-43fa-bfcb-ba7c6a01e5c6,a647d61b-0ac3-48f4-aaf4-f5cc9fbfdd13,the,virtual,inactive,9029.32,GBP,2019-10-26,2019-04-25,2025-08-30 14:19:55.617113
b6a7e196-c823-45a3-9734-7a52bf80b8ec,ca9470cd-245e-4cb3-a6bf-0d59d3146a86,grov,virtual,blocked,4294.3,USD,2013-05-19,2019-01-20,2025-04-21 06:16:42.085131
76c52d89-9c43-46f9-8933-898706132e6e,b27e49ef-4cc8-4150-a650-54696364b631,croa,physical,expired,2583.55,USD,2005-04-06,2017-02-06,2025-07-15 22:38:30.305407
bd2f45c6-f003-4e1c-be1f-e10f56db9b84,83c92961-db7d-4737-807d-0dadd4b9543a,your,physical,inactive,9976.61,GBP,2001-04-10,2022-05-23,2025-02-22 07:59:16.826097
fb464f91-ba31-4fd8-930f-790db61d1eee,15622cba-8889-4728-8071-d02b1f6463e1,legi,physical,blocked,5340.5,USD,2025-11-19,2021-04-14,2025-09-08 20:09:58.278535
ac14b7b6-c1d2-4708-824d-662e6c1aa3ae,bb9f20f9-ccd1-400c-bede-57da23073e22,beli,physical,blocked,1363.64,GBP,2004-02-02,2005-05-20,2025-08-04 14:44:19.733723
414c7685-34c0-4a4c-970c-b6559d8d65b1,a1ed76db-2a3a-4dde-b8b1-bdb21f3bb808,appe,physical,expired,947.61,GBP,2012-05-17,2017-08-15,2025-10-02 13:47:20.633039
2fdb6952-e456-4655-a6c0-e2fdee6a9d9a,62349782-04db-4e88-9fe9-b7cf3936c05d,bran,physical,blocked,1541.67,USD,2008-01-03,2007-11-27,2025-11-27 08:36:02.800177
4152da18-e147-4ea3-ba55-34cb20ec845d,dcc1717a-4989-4fb3-9b10-0689ea7f1141,or,physical,blocked,6460.74,USD,2024-03-16,2016-11-15,2025-03-19 13:40:52.515611
fcb0212e-5988-407e-80b7-be3910f81a34,f1555123-ee42-44a9-83c7-8b72cc13fa5e,scor,physical,inactive,8024.75,GBP,2002-08-12,2013-06-11,2025-03-11 13:44:31.302218
e9dd8f2c-48a6-468f-9fc0-d6dcdcadce3e,ada7381a-8390-4a6b-8eab-55450a5b32c3,hiv,virtual,inactive,4510.52,GBP,2021-07-27,2024-09-02,2025-02-11 08:20:07.810075
6ace13c4-a122-420e-b77f-9d42ea8e23bf,f9c5cb8a-6596-4a21-ba89-48015ba6a4b8,athe,physical,blocked,1103.51,CAD,2012-09-27,2000-11-28,2025-07-02 06:33:23.652878
c8648c02-9065-4d8f-9d4f-a9d391df4d0a,358e8736-6632-44cd-a89b-deb60eede0dd,gend,virtual,active,4125.38,USD,2024-08-21,2014-01-07,2025-09-05 09:28:56.732168
28eb2940-3f16-4f14-ad8b-91a1476055b1,3ee95a8e-16c3-42d8-8860-df9d7471436a,yest,virtual,blocked,9963.15,USD,2015-02-01,2020-10-26,2025-12-06 09:35:00.579077
b0e65ef4-3c9a-4f79-a284-bb3f5ad9db74,2d463d1d-da91-4866-a01f-3442d8718a32,lord,physical,blocked,5526.59,EUR,2013-02-08,2003-08-31,2025-11-27 04:31:59.751413
88a5eb4a-1661-4f73-b181-c78d239a3f2d,9def8c4e-3195-4ae3-b8e4-6f8b8f575cbd,weak,virtual,inactive,9725.24,CAD,2009-09-23,2008-07-27,2025-08-08 14:35:09.402219
e8beb25a-d221-454c-b821-d525b4f7b355,08232f2b-b388-489a-b0ef-829f3a978bed,stre,virtual,active,8677.41,USD,2006-10-17,2023-03-28,2025-05-25 13:21:59.825981
5023e6c0-a30c-4d38-a08f-fb705800cfc7,f7648118-383e-4132-a607-491b304ffcfd,addi,physical,inactive,609.07,USD,2016-05-27,2000-05-24,2025-10-19 21:31:55.155813
924938aa-29f1-40e3-84fa-5b6878fd7172,1c3916eb-e0f8-4d93-8574-278b7d161170,qty,virtual,inactive,7346.86,CAD,2014-09-16,2011-06-18,2025-08-30 10:55:12.731380
a443998f-8e85-436b-b936-608424566b6d,de154b1d-69ed-4c19-8314-1b69a15accac,poll,physical,active,6976.25,GBP,2007-10-13,2007-07-02,2025-12-16 22:58:51.399749
b9ec1acb-ac8a-41ab-9c49-c1e99dd75eb6,df72d5cc-21fb-4558-8ffc-d6e32e469e54,main,virtual,active,5601.22,GBP,2012-11-26,2020-03-16,2025-03-17 18:21:55.105239
04414578-457e-48ad-a243-6d0a1f8ac948,1fe5969b-0529-4874-9536-7f455b21e6b4,dist,physical,inactive,3034.84,USD,2014-02-17,2014-01-24,2025-07-28 20:09:04.492296
d7f21d1a-d885-4155-984b-508ebc46ae05,44e08c39-111c-402f-89ef-1ae31304973d,pala,virtual,expired,6589.14,EUR,2025-05-11,2019-12-13,2025-06-28 21:54:34.398468
21736ee6-dde0-4877-becb-3541d9005986,d14780fb-520b-42ff-8912-0be9bcd821e8,brea,physical,inactive,1559.75,EUR,2010-11-23,2024-08-28,2025-10-03 07:40:43.965664
999cd080-beed-4ba4-836c-7e7acbf76030,8031100c-0d64-4936-9e1d-16e8edd24b22,ian,virtual,active,4630.27,EUR,2009-04-24,2002-07-04,2025-08-06 22:19:57.030353
fca7b1a7-b0e9-4840-ad1f-c80c8e3e580a,24320910-f3e0-4c29-a353-8eeffd88649a,inkj,virtual,expired,4810.38,EUR,2001-06-26,2001-05-12,2025-07-05 07:33:26.593418
cee4197c-0e90-400c-9f55-75c05ede10ed,86a98a91-0e1a-4bf8-9288-9f643c88b279,vert,virtual,inactive,9561.25,USD,2021-03-06,2005-02-20,2025-10-22 07:31:58.611484
4c28cbb5-f595-41fa-841f-efb689c54304,2b81309c-ab0d-4cb8-a7ed-879d1d9da0bf,sur,virtual,active,8820.6,CAD,2004-04-15,2020-05-15,2025-11-01 14:57:18.710526
caa02039-bfed-436f-a47f-da4469090b49,e9f283ee-689d-4620-8535-43500d8f807d,disc,physical,inactive,3002.2,CAD,2017-03-03,2014-06-19,2025-11-14 22:16:29.886365
c3358e01-c77c-4bc7-aa28-573000b535f6,2663e455-b807-40e1-8344-e3faf3d582dd,last,virtual,blocked,5255.57,EUR,2009-04-13,2015-02-08,2025-10-12 18:18:44.309571
4ab7ec0a-e392-48f1-ab11-2f08be519293,94c916d7-0265-471a-9db9-967df190c96b,comm,physical,active,2197.19,EUR,2000-11-13,2008-01-19,2025-10-24 15:53:57.946795
6bd5cf3a-0f5d-4107-ad11-c38f410dfb41,c6ccef69-b8e5-4326-8e58-7a94da526e7f,tone,virtual,blocked,9169.96,GBP,2009-04-20,2025-06-08,2025-10-09 21:48:46.804751
6d5e7ebb-98a2-487a-ba71-8d90c3f55d8d,1303f730-766a-47f0-ba02-13ea8c9f9b5a,sugg,physical,blocked,8769.93,GBP,2021-11-27,2004-11-04,2025-05-26 14:02:37.382584
42c711ba-04ab-4053-9c99-5edbf3efb268,e2b9a178-87b7-426c-9d7c-643498265873,empl,virtual,blocked,3335.23,USD,2023-03-03,2009-06-24,2025-03-07 04:50:34.919035
693f6aca-9bf7-476f-944b-c43399d6a6ae,e0197d50-12c1-4a8c-b88e-af318966f8f6,pack,physical,blocked,6570.02,EUR,2011-09-17,2008-03-09,2025-05-24 10:51:07.491081
a2a6851a-4a70-4d63-9f9f-51c78043e1e6,65a72a9a-2681-4728-adff-b3445e1255cf,now,virtual,active,6285.22,USD,2002-03-25,2007-11-24,2025-09-12 02:50:25.014594
e9f5376f-26c9-4883-b82a-7ab3c6af6581,aa160c27-f272-47ea-b7de-b41b800ec3a5,cher,virtual,blocked,1951.97,GBP,2008-09-04,2014-06-22,2025-10-13 20:23:06.707617
29679696-9e8d-43e6-85c9-659606b1473a,edd7395c-32d2-4a01-b24b-fbef73fe8ba8,rest,virtual,active,7743.85,CAD,2007-08-01,2019-09-11,2025-11-03 20:52:29.953562
1fe5fee8-17b9-4500-bbaa-46fb0613ad99,1512f1be-364a-4920-b0f5-ff0394d6d4d5,mana,physical,blocked,5624.1,USD,2022-05-21,2013-02-05,2025-01-10 15:07:06.246205
fdf623f5-7355-41bd-aeb8-066f06899a34,38664057-adbd-4996-bd77-c29c6e2982e4,rs,virtual,active,7896.95,EUR,2017-03-13,2014-06-22,2025-10-24 23:09:56.435037
87b36096-4356-4a55-8fed-59dc2e31bd7b,a19a68cb-403e-4ac1-bfba-5fa8c8c3c877,lot,virtual,expired,5538.36,USD,2020-02-27,2015-10-14,2025-01-23 11:13:28.466297
c3b11802-1ce5-4eaf-b0fc-93126315c2de,1c83d59b-76cf-4aaa-a483-1cfa794e3c03,abc,virtual,blocked,505.43,USD,2007-06-04,2021-06-18,2025-01-13 08:12:07.995109
ab09fafd-0e41-4218-9bde-49a57034175a,68155cf9-f269-4bec-9148-6ac8ccc416c5,exp,virtual,blocked,3579.48,CAD,2014-02-22,2006-11-21,2025-01-26 10:15:08.825206
831d4d6f-abc6-4fa6-8d22-460a3776f3a5,78720337-f495-4e6a-9440-9980ef49e0f4,affi,virtual,expired,685.03,GBP,2018-04-03,2024-09-07,2025-04-11 04:50:57.624932
9dfe1cf4-8da5-4e80-abfe-f5caeecac263,6d4fb7cf-d4f9-4de1-884b-01e099a8170b,trul,physical,inactive,9326.44,CAD,2000-05-28,2004-03-18,2025-03-04 21:55:01.138205
bfd60bd6-b6d1-464c-bb34-1aa895e00ee0,abc58bc6-4ced-4999-af27-ddb138aca863,swee,virtual,inactive,8847.86,GBP,2000-06-26,2025-04-19,2025-01-06 08:03:08.777747
154452f5-e8c7-4307-a0de-92c31290e22b,b68e7586-6c2d-47a0-96eb-1b18f34951f6,socc,virtual,active,8400.82,GBP,2013-09-04,2023-02-16,2025-06-17 18:06:28.528313
b5d4b271-d5b1-455a-9f5e-8800fc8b4319,e002c1cd-b646-4e12-99fa-5c37d46a2b57,envi,virtual,inactive,3421.38,CAD,2007-10-02,2023-11-17,2025-08-21 00:03:30.888456
d4ce7c6b-e783-48a2-b87c-e1a72d0d4f95,4f6ec571-c7eb-416d-b793-58f1ea733cca,arti,virtual,expired,1050.29,CAD,2012-07-22,2003-08-23,2025-02-03 10:38:09.068872
972c78ea-69de-4e9c-9b95-d029f788e084,54a9e258-f367-4185-b8a6-c33aadd940fd,susp,virtual,inactive,8841.09,CAD,2004-05-20,2020-10-18,2025-07-20 16:18:29.530108
ec2e6daf-be08-45d0-ac05-e16d0337e0ab,7da39c32-b5ba-498c-9a7c-13678453ecc6,util,physical,active,9496.02,GBP,2019-07-04,2025-12-04,2025-07-15 07:26:21.867611
c8634fb6-3c55-44fc-adb2-5b7e1b4ece46,0e5063c7-9816-4017-8ced-4b28d084bf9b,bear,virtual,active,1313.71,EUR,2014-07-14,2023-02-11,2025-06-22 08:23:09.720184
28ec6fd9-8d38-4f20-916e-178aecced64a,26163765-79c3-4c06-a3c1-14c1b371c4af,kate,virtual,inactive,5116.91,EUR,2015-02-03,2002-02-14,2025-12-24 11:51:08.583397
a1c56a6c-8ecf-497c-a5b5-7d8aec568152,97d48669-e3f3-4885-aeed-19a4f800d5d0,audi,physical,active,1157.52,USD,2001-10-31,2017-09-11,2025-07-12 21:48:27.910260
be0a7d19-25cb-4e2b-9975-118b72e18d9c,733aff0e-d12e-41c3-a156-977caf7c1ddd,resp,physical,expired,7725.72,USD,2023-01-31,2009-10-10,2025-02-19 16:13:09.688637
1ac0dbb6-52aa-4c6d-9b3e-e0a2423c654c,1e45369d-2070-41df-9172-80f2b9556378,revi,virtual,expired,7775.43,EUR,2015-04-28,2003-06-28,2025-02-25 08:36:14.846432
9a65e05d-c907-4a73-8269-b506c914040b,0d5f841d-2a4c-45b8-9034-e9c794fcac79,can,virtual,expired,1719.72,CAD,2013-09-25,2019-10-22,2025-10-30 21:53:44.280439
51353acf-59e6-404f-b432-b8ecc025c95d,3871350a-69eb-4fa8-a9f9-41adf3420194,java,physical,inactive,5015.18,USD,2000-03-09,2022-05-30,2025-06-01 05:55:09.593830
f3f6b9cd-1493-4200-88bd-532d4d5aaccf,e0c75a8e-e666-4a21-896f-8861271ce1bc,maxi,physical,expired,5723.13,EUR,2021-07-03,2004-12-21,2025-02-24 16:13:24.440226
4b9447fc-c24b-4ed5-9b22-ede9aa4b36d1,92560129-c5ce-4768-9948-ef0f65551018,disp,physical,expired,3018.04,USD,2014-06-06,2011-05-24,2025-10-20 02:56:03.163137
e433009f-e0f3-4995-b6db-7652d20dab27,1b95b24e-f64d-4c7c-bd75-7cedb3a112f2,sun,physical,active,8788.11,CAD,2005-10-02,2021-02-09,2025-11-14 15:38:28.434303
5a415ca1-9df9-4de3-b77e-fdff334e241f,d48190a8-d1ba-4ce8-a62b-dcd5402f8bb7,hold,physical,expired,4519.81,GBP,2008-04-25,2016-02-12,2025-02-10 21:43:37.510271
377323b2-0f83-41e1-bb6c-755bd229f629,acb5af1e-29a1-4ca1-8fde-1aada8c3163f,coup,virtual,expired,2512.08,CAD,2016-11-10,2001-04-13,2025-01-07 09:13:49.143901
17090102-82f1-4e91-b46b-d9e8c8c8e877,559dc4eb-e64d-474e-9145-4bbfdf0bfecd,man,physical,expired,5623.31,CAD,2024-05-10,2010-02-01,2025-12-14 05:08:24.558453
ed2c5ed6-b809-433f-abea-ce5c1095d738,b6690700-f421-47b7-b46b-ee14211b9727,rath,virtual,inactive,7434.35,GBP,2022-04-17,2017-11-26,2025-02-13 23:02:27.019651
68ab8c1b-a29b-4476-a519-af957d595ed9,c99c99f0-aa21-4a4d-9f0a-0a11c1204dcd,cont,virtual,inactive,2410.94,GBP,2014-02-28,2010-10-14,2025-12-21 13:18:07.424707
ddf0976b-7b8f-4904-bb3b-110c5c573b93,824f71f9-c583-4f88-8362-798736d75c9c,essa,virtual,active,3461.3,GBP,2000-06-06,2025-10-15,2025-02-14 03:15:27.617476
2f029e59-1cfd-479d-9979-436981440b3f,7a254afa-bd7f-4acb-a713-96ecf1598bba,yeah,physical,blocked,9953.92,GBP,2012-09-03,2012-05-24,2025-04-11 05:04:32.663984
88bed616-a2bd-43c2-bfae-a62512a1d194,e9926047-428d-46cc-a5ca-da8b4695f239,past,virtual,active,6673.84,EUR,2003-09-17,2006-06-12,2025-04-04 04:16:12.181926
323f1790-f662-444c-8044-c9d99866300a,e27ef053-08c9-4c93-99c2-403e8cf86ad2,ii,physical,inactive,4661.95,CAD,2019-03-25,2024-11-03,2025-11-16 14:48:36.796788
f50417ff-5640-4578-9265-9a75be4dba50,931e6399-a80f-4a29-b2a5-3365a2b56108,linc,physical,inactive,5416.97,USD,2018-08-22,2018-11-21,2025-11-11 04:28:04.491699
82f6715f-2db7-42e8-a89a-5a52ebc208da,c900d184-9482-4260-991c-2df38e7642b2,but,virtual,expired,1649.54,GBP,2014-11-10,2025-05-19,2025-06-17 02:19:29.473866
f3636d90-2a19-4118-8ef5-70d7e4879204,7e83f163-e5fb-4007-be96-6fc8f2b35296,cuts,virtual,expired,2634.62,USD,2001-01-12,2009-02-21,2025-10-20 16:24:29.608519
45e9a819-55da-4726-ace0-2ce52254cc4b,b5a1cf06-0052-4558-ab02-bb501223357e,far,physical,expired,3711.81,CAD,2017-12-29,2001-08-30,2025-06-20 15:32:09.064879
d687a210-1b71-47c0-8dd8-7153717df32f,7dd11776-6b72-4155-b0cf-409cb52bbaaf,musi,physical,expired,6088.93,CAD,2014-02-26,2010-12-03,2025-01-08 22:28:28.549525
ee9bb452-2820-4a22-9c73-0829f3db30ca,f6e6f68f-0d31-46a0-9f7a-c11b7703aebf,davi,physical,blocked,2686.09,GBP,2016-10-06,2011-06-30,2025-07-14 10:43:38.054909
3af6e91b-f610-4eb1-aaca-faac9abc787f,19b79067-7835-402c-b3b5-36cbaa70b1c5,crow,virtual,expired,2592.07,EUR,2025-11-21,2010-02-11,2025-09-22 12:18:16.758889
f233a201-7edf-41e8-bcc2-b5ab44ce9239,9ae85384-da0b-4704-a968-b6767a6e90bc,auth,virtual,inactive,1174.43,GBP,2021-10-28,2004-06-03,2025-06-10 20:44:42.410997
970f8d67-ca78-4129-9f3d-67b87839864d,4bab6812-3f3a-4c8c-a651-9704f78e2011,orig,virtual,expired,6495.48,USD,2004-10-23,2002-05-18,2025-11-26 10:52:08.702667
055a74b0-29d2-4bb9-8669-404251e75fa5,dbe86d22-9170-4856-8a6f-c85a04604f73,data,virtual,blocked,2674.95,CAD,2022-12-22,2016-02-21,2025-09-12 00:23:19.189019
1712bf86-5c6d-4aed-974b-d7d5405cd01f,44be43fb-e603-431f-a581-b3f69efe7023,thro,physical,expired,9101.49,EUR,2006-06-25,2015-04-08,2025-03-03 09:54:50.106053
8d920819-b77f-410d-8236-ca5667c162b9,dfab7d33-eb4a-4e2a-ac9d-ef53f3e5e39c,stra,physical,expired,8666.54,USD,2016-09-27,2023-09-02,2025-10-05 19:24:09.170128
f4de6f8b-0b9f-4199-a2f6-52ebc73620d6,069b9c0b-8467-41c9-a940-abff1769eac2,auth,physical,expired,1173.14,EUR,2005-12-25,2019-03-24,2025-01-14 11:43:46.249068
46c094cd-6dac-4e38-a3c6-2af7c4bbb813,612cd5e3-ac3c-4661-8267-24681044ae5d,defi,virtual,inactive,2761.04,USD,2014-10-10,2024-12-26,2025-04-18 07:19:51.822471
2bde1f2e-236d-43f0-a3db-0f2794d4be87,e1a699d1-4a73-4c09-b84b-397a80f88990,piec,virtual,expired,6855.29,GBP,2015-04-12,2021-10-15,2025-05-25 12:32:33.438997
47314ebb-3d27-4e59-930b-df25fb0656a8,c865e6ad-65a7-4dd8-8909-e9f36f6a8507,cp,physical,expired,2535.25,GBP,2005-04-26,2019-03-28,2025-01-21 15:55:23.581478
1864b90e-ae28-43ef-86a5-48a567d291f6,45b45e28-3f4d-4ebf-9554-44182966f9dc,card,virtual,expired,1756.96,GBP,2003-12-28,2016-02-10,2025-03-09 14:57:32.154506
269818e6-9e9c-4869-bff2-82a53a1ac975,ff0ee614-f471-4eb3-bb0c-a7a6d1e636f8,ulti,virtual,blocked,9387.39,USD,2013-02-08,2014-06-30,2025-07-02 12:32:23.247231
966d1821-251c-48c1-b032-f8b51886dd5c,b2fe1201-dd20-4daa-a1c4-0440f75aae8c,miss,virtual,active,5924.91,USD,2012-02-12,2007-01-11,2025-12-21 10:50:09.144283
5e453626-3ec4-4f0f-8048-ca9404f5a3ac,b301f479-8469-49eb-876d-95ec1837b087,iv,virtual,inactive,4990.37,USD,2001-05-30,2015-12-27,2025-12-16 14:39:00.949860
2d54dea0-0909-44cd-999e-76923bafa5eb,b9981dfa-298f-4ec1-8999-bc038e2fe4cc,samp,physical,active,7953.88,EUR,2002-01-09,2006-03-18,2025-02-25 09:15:19.127767
ef8c9b07-d76f-4dfc-86f6-b4393c148384,af358596-d18f-4195-9f82-b0942379bd44,serv,physical,active,8171.22,EUR,2001-04-14,2020-10-15,2025-02-27 15:38:34.017233
13eecab8-b429-479d-ae4c-92e23d12afe8,cc5e4a39-1f37-42b6-a74a-6e42587ad3ed,conf,physical,inactive,2308.89,CAD,2020-09-19,2007-12-05,2025-07-01 19:22:15.598384
4770862e-6844-4773-910a-b7b7bef694f2,578f5bb9-8f2a-4a25-a1d8-c8299877c2c6,bill,physical,inactive,1420.84,CAD,2013-03-22,2021-02-17,2025-02-17 17:32:50.532280
5afb2ddc-0ce2-449c-9da1-fc6e2f926171,2f5ac803-b7a6-4d39-90df-c1bc21748a9b,hp,virtual,blocked,4594.99,EUR,2017-01-13,2015-01-21,2025-06-09 23:01:22.826823
848a83f1-16b8-44cb-9939-bd0fa69b7f40,d2bd2d5d-971a-4c49-8e5e-623f2c9046cc,hold,physical,inactive,4524.0,GBP,2002-06-08,2023-11-21,2025-10-24 10:08:02.369412
5cddf43a-8604-4532-b93d-a917ff49016c,f886726f-5256-4cb8-a369-2549e6c34664,invo,physical,active,4936.73,GBP,2017-06-27,2020-03-27,2025-12-16 20:11:51.141403
3c5c4bed-46a2-4d7f-a821-417644c0bc24,7b5c0efc-6bec-4a67-b213-989c1df06794,rare,virtual,expired,7426.22,EUR,2002-12-25,2014-01-10,2025-01-26 06:56:02.330926
68efc778-2ffe-490d-8361-12e85034579b,97db6ff7-979d-4989-a843-f8389cb26055,plan,physical,inactive,6896.96,USD,2009-09-13,2017-08-09,2025-11-07 09:22:55.818771
4d90ec92-73e8-4ed7-abd6-bcf83c195d3b,2a81d7a7-c6f3-4965-95ff-5b4f048a1368,wisc,virtual,active,9849.57,USD,2001-11-11,2008-02-26,2025-07-29 12:47:28.938095
239950ea-de30-44c8-b6e2-3a4b91dbceea,71e847be-6956-4342-8f20-adf5c0f50909,bird,virtual,expired,1434.97,GBP,2012-06-06,2015-12-16,2025-09-09 02:46:27.082760
b80904f6-fae1-432b-8619-2ea035ed7657,06c180f3-3b60-4e61-a2f6-ca33bcd898e5,guin,physical,blocked,4324.9,USD,2013-10-27,2005-09-10,2025-02-03 10:42:18.321384
9649b96a-3eba-4eb0-b01c-81a05f561747,77831430-a1f9-4ea3-9e20-2b43beacafb8,fat,virtual,expired,3723.37,USD,2014-10-23,2013-03-23,2025-06-15 01:46:55.955889
b4a67619-e9af-4176-9cde-af7033910880,4540e90a-2110-4928-b0a4-7ae65ccd6b1d,stri,virtual,blocked,8685.89,CAD,2011-10-14,2008-11-26,2025-02-22 20:25:23.538009
7bf0273d-584b-4158-be3a-a867f3250dba,561c7c20-12d2-45e0-b95e-8ebb7f7a40af,dest,physical,expired,2862.24,EUR,2025-12-22,2005-01-05,2025-01-05 02:15:49.676502
fcc7c24e-bcce-4453-9128-15ca5b65b26f,1903c94c-c025-4120-96b2-d371745f931f,conf,virtual,expired,2306.98,CAD,2011-06-13,2018-01-20,2025-11-15 11:23:28.800152
1bcc1fb5-725f-4944-a406-994328651faf,e5f1e5e8-ac86-4820-83c6-2d687da168dc,indi,virtual,blocked,4761.83,GBP,2002-10-05,2016-06-13,2025-11-09 07:07:01.771411
e30fc29c-3f90-4add-848d-a1976ee01a87,1802114c-6fb1-4d28-9a60-be6a2a7559c9,hit,physical,active,4507.88,GBP,2005-08-17,2012-09-04,2025-05-23 14:13:39.299449
e58e2b0c-f8b8-4dad-805f-13646ca67878,4d497ee4-b8f5-45d0-aaa4-9f9a398acb0b,drop,virtual,inactive,3146.18,CAD,2022-08-07,2003-03-28,2025-08-06 22:28:05.849884
a8834f4a-7fc4-4437-83a4-04958fd92dec,a642b4c0-c903-48f4-9cb7-49f00a8b4628,dete,virtual,blocked,2873.16,USD,2021-06-22,2011-12-03,2025-05-28 05:45:45.972370
190f45fe-4e46-4795-bace-8e0494aaf18c,98add1a0-6e3e-45e3-9cba-a659b577bc1f,tran,virtual,blocked,9271.02,EUR,2022-11-06,2025-06-17,2025-02-07 04:15:50.518019
66ff1070-d0a1-4284-85ce-29f04ca68cbb,2fdf2699-8d40-4bfb-9da6-f455361e1e21,impr,virtual,inactive,4709.74,GBP,2000-06-18,2018-06-15,2025-10-29 02:04:19.417500
7b9ab0b1-86ec-44c2-9c60-06ec91ea0182,97081f6c-adac-492d-ae53-565dbb1e9938,stre,virtual,blocked,8682.82,GBP,2022-12-16,2016-07-25,2025-10-03 04:20:41.077767
e9899808-7aa2-4849-86b0-56faebed9865,0e829dcf-435e-4ee9-a5f8-f262a8a32d83,mayo,virtual,active,5728.09,EUR,2014-08-22,2016-06-05,2025-03-14 16:58:55.058104
abc81894-eb2e-4c9e-b42f-d4ae44cb902e,0dd242d7-5fdc-4e44-86ea-69d65a9208c3,appr,physical,inactive,980.59,CAD,2003-09-05,2009-03-06,2025-12-08 11:33:57.297846
f4f174de-e9d8-4b54-b671-bdf815b313f5,13dec3a0-7723-47ab-b109-99198f7de0d7,zone,virtual,inactive,9993.18,CAD,2002-05-07,2020-09-09,2025-11-10 19:34:05.526986
d4c0c059-4aad-4c12-ba9a-5709ec6d1ffa,fd357b30-442d-49a9-9e92-698719e1b686,sons,virtual,expired,8442.26,USD,2020-03-19,2018-03-06,2025-10-02 00:05:02.994623
